date,sea,htype,percent,freq
20220630,부산 태종대,노무라입깃해파리_강독성,8.0,1
20220630,부산 북형제도,노무라입깃해파리_강독성,8.0,1
20220630,부산 가덕도,보름달물해파리_약독성,35.7,1
20220630,부산 영도,보름달물해파리_약독성,35.7,1
20220630,부산 광안리,보름달물해파리_약독성,35.7,1
20220623,부산 영도,보름달물해파리_약독성,29.8,1
20220623,부산 가덕도,보름달물해파리_약독성,29.8,1
20220623,부산 광안대교,보름달물해파리_약독성,29.8,1
20220616,부산 영도,보름달물해파리_약독성,29.0,1
20220616,부산 기장 대변항,보름달물해파리_약독성,29.0,1
20220609,부산 가덕도,보름달물해파리_약독성,24.0,1
20220609,부산 북형제도,보름달물해파리_약독성,24.0,1
20220609,부산 광안대교,유령해파리_강독성,0.9,1
20220609,부산 영도,살파류(척삭동물)_무해성,1.8,1
20220602,부산 오륙도,보름달물해파리_약독성,25.5,1
20220602,부산 광안대교,보름달물해파리_약독성,25.5,1
20220602,부산 해운대 청사포,보름달물해파리_약독성,25.5,1
20220602,부산 일광면 문동,보름달물해파리_약독성,25.5,1
20220602,부산 기장 칠암리,유령해파리_강독성,1.2,1
20220602,부산 영도,살파류(척삭동물)_무해성,0.8,1
20220526,부산 강서 가덕도,보름달물해파리_약독성,18.9,1
20220526,부산 영도 태종대,보름달물해파리_약독성,18.9,1
20220526,부산 기장 일광면,보름달물해파리_약독성,18.9,1
20220526,부산 기장 월내항,보름달물해파리_약독성,18.9,1
20220519,부산 기장 월내항,보름달물해파리_약독성,14.7,1
20220512,부산 영도 태종대,노무라입깃해파리_강독성,0.9,1
20220512,부산 기장 월내항,보름달물해파리_약독성,10.9,1
20211202,부산 청사포,노무라입깃해파리_강독성,3.1,1
20211202,부산 대변항,노무라입깃해파리_강독성,3.1,1
20211202,부산 암남동,유령해파리_강독성,1.4,1
20211125,부산 암남동,노무라입깃해파리_강독성,3.0,1
20211125,부산 대변항,노무라입깃해파리_강독성,3.0,1
20211118,부산 가덕도,노무라입깃해파리_강독성,4.3,1
20211118,부산 영도,유령해파리_강독성,2.3,1
20211118,부산 암남동,유령해파리_강독성,2.3,1
20211111,부산 북형제도,유령해파리_강독성,2.4,1
20211111,부산 암남동,유령해파리_강독성,2.4,1
20211111,부산 가덕도,살파류(척삭동물)_무해성,1.7,1
20211104,부산 가덕도,노무라입깃해파리_강독성,8.0,1
20211104,부산 북형제도,유령해파리_강독성,1.9,1
20211104,부산 기장 월내항,살파류(척삭동물)_무해성,1.6,1
20211028,부산 가덕도,노무라입깃해파리_강독성,11.2,1
20211028,부산 영도,노무라입깃해파리_강독성,11.2,1
20211028,부산 오륙도,노무라입깃해파리_강독성,11.2,1
20211028,부산 대변항,보름달물해파리_약독성,4.5,1
20211028,부산 북형제도,유령해파리_강독성,3.5,1
20211028,부산 송정,살파류(척삭동물)_무해성,1.6,2
20211021,부산 가덕도,노무라입깃해파리_강독성,16.4,1
20211021,부산 영도,노무라입깃해파리_강독성,16.4,1
20211021,부산 북형제도,오이빗해파리_약독성,0.4,2
20211021,부산 가덕도,유령해파리_강독성,5.7,1
20211021,부산 암남동,유령해파리_강독성,5.7,1
20211014,부산 영도,노무라입깃해파리_강독성,22.5,2
20211014,부산 가덕도,노무라입깃해파리_강독성,22.5,1
20211014,부산 오륙도,노무라입깃해파리_강독성,22.5,1
20211014,부산 대변항,보름달물해파리_약독성,7.5,1
20211014,부산 강개,보름달물해파리_약독성,7.5,1
20211014,부산 가덕도,유령해파리_강독성,5.2,1
20211014,부산 암남동,유령해파리_강독성,5.2,1
20211014,부산 북형제도,유령해파리_강독성,5.2,1
20211014,부산 영도,유령해파리_강독성,5.2,1
20211007,부산 영도,노무라입깃해파리_강독성,22.8,2
20211007,부산 암남동,노무라입깃해파리_강독성,22.8,1
20211007,부산 가덕도,노무라입깃해파리_강독성,22.8,1
20211007,부산 오륙도,노무라입깃해파리_강독성,22.8,1
20211007,부산 송정,노무라입깃해파리_강독성,22.8,1
20211007,부산 영도,유령해파리_강독성,6.5,2
20210930,부산 가덕도,노무라입깃해파리_강독성,27.5,1
20210930,부산 영도,노무라입깃해파리_강독성,27.5,1
20210930,부산 오륙도,노무라입깃해파리_강독성,27.5,1
20210930,부산 광안리,노무라입깃해파리_강독성,27.5,1
20210930,부산 가덕도,유령해파리_강독성,5.2,1
20210930,부산 영도,유령해파리_강독성,5.2,1
20210923,부산 영도,노무라입깃해파리_강독성,30.5,2
20210923,부산 가덕도,노무라입깃해파리_강독성,30.5,1
20210923,부산 태종대,노무라입깃해파리_강독성,30.5,1
20210923,부산 암남동,노무라입깃해파리_강독성,30.5,1
20210923,부산 광안리,노무라입깃해파리_강독성,30.5,1
20210923,부산 해운대,노무라입깃해파리_강독성,30.5,1
20210923,부산 가덕도,보름달물해파리_약독성,11.1,1
20210923,부산 영도,유령해파리_강독성,6.8,2
20210916,부산 송정,노무라입깃해파리_강독성,42.7,2
20210916,부산 청사포,노무라입깃해파리_강독성,42.7,2
20210916,부산 북형제도,노무라입깃해파리_강독성,42.7,2
20210916,부산 가덕도,노무라입깃해파리_강독성,42.7,2
20210916,부산 영도,노무라입깃해파리_강독성,42.7,2
20210916,부산 광안리,노무라입깃해파리_강독성,42.7,1
20210916,부산 수영만,노무라입깃해파리_강독성,42.7,1
20210916,부산 오륙도,노무라입깃해파리_강독성,42.7,1
20210916,부산 암남동,노무라입깃해파리_강독성,42.7,1
20210916,부산 월내항,노무라입깃해파리_강독성,42.7,1
20210916,부산 가덕도,보름달물해파리_약독성,11.0,2
20210916,부산 오륙도송정 사이,보름달물해파리_약독성,11.0,1
20210916,부산 영도,유령해파리_강독성,6.6,1
20210916,부산 가덕도,유령해파리_강독성,6.6,1
20210909,부산 영도,노무라입깃해파리_강독성,38.6,2
20210909,부산 영도,노무라입깃해파리_강독성,38.6,1
20210909,부산 해운대,노무라입깃해파리_강독성,38.6,1
20210909,부산 광안리,노무라입깃해파리_강독성,38.6,1
20210909,부산 송정,노무라입깃해파리_강독성,38.6,1
20210909,부산 영도,유령해파리_강독성,4.8,2
20210902,부산 영도,노무라입깃해파리_강독성,48.6,2
20210902,부산 태종대,노무라입깃해파리_강독성,48.6,2
20210902,부산 수영만,노무라입깃해파리_강독성,48.6,2
20210902,부산 오륙도,노무라입깃해파리_강독성,48.6,2
20210902,부산 대변항,노무라입깃해파리_강독성,48.6,1
20210902,부산 강개,노무라입깃해파리_강독성,48.6,1
20210902,부산 청사포,노무라입깃해파리_강독성,48.6,1
20210902,부산 월내항,노무라입깃해파리_강독성,48.6,1
20210902,부산 가덕도,노무라입깃해파리_강독성,48.6,1
20210902,부산 공수방파제,노무라입깃해파리_강독성,48.6,1
20210902,부산 광안리,노무라입깃해파리_강독성,48.6,1
20210902,부산 영도,유령해파리_강독성,5.6,2
20210902,부산 오륙도,유령해파리_강독성,5.6,2
20210902,부산 영도 태종대,유령해파리_강독성,5.6,1
20210826,부산 영도,노무라입깃해파리_강독성,49.5,2
20210826,부산 태종대,노무라입깃해파리_강독성,49.5,2
20210826,부산 북형제도,노무라입깃해파리_강독성,49.5,2
20210826,부산 가덕도,노무라입깃해파리_강독성,49.5,1
20210826,부산 오륙도,노무라입깃해파리_강독성,49.5,1
20210826,부산 광안리,노무라입깃해파리_강독성,49.5,1
20210826,부산 가덕도,보름달물해파리_약독성,17.2,1
20210826,부산 영도,유령해파리_강독성,1.6,2
20210819,부산 영도,노무라입깃해파리_강독성,48.5,2
20210819,부산 태종대,노무라입깃해파리_강독성,48.5,2
20210819,부산 북형제도,노무라입깃해파리_강독성,48.5,2
20210819,부산 광안리,노무라입깃해파리_강독성,48.5,2
20210819,부산 가덕도,노무라입깃해파리_강독성,48.5,1
20210819,부산 해운대,노무라입깃해파리_강독성,48.5,1
20210819,부산 송정,노무라입깃해파리_강독성,48.5,1
20210819,부산 공수방파제,노무라입깃해파리_강독성,48.5,1
20210819,부산 가덕도,보름달물해파리_약독성,15.8,2
20210819,부산 가덕도,보름달물해파리_약독성,15.8,1
20210819,부산 오륙도송정 사이,보름달물해파리_약독성,15.8,1
20210819,부산 영도,유령해파리_강독성,3.0,1
20210812,부산 영도,노무라입깃해파리_강독성,56.6,2
20210812,부산 가덕도,노무라입깃해파리_강독성,56.6,1
20210812,부산 오륙도,노무라입깃해파리_강독성,56.6,1
20210812,부산 송정,노무라입깃해파리_강독성,56.6,1
20210812,부산 광안리,노무라입깃해파리_강독성,56.6,1
20210812,부산 공수방파제,노무라입깃해파리_강독성,56.6,1
20210812,부산 가덕도,보름달물해파리_약독성,20.9,1
20210812,부산 눌차도,보름달물해파리_약독성,20.9,1
20210812,부산 동백섬,보름달물해파리_약독성,20.9,1
20210812,부산 오륙도,보름달물해파리_약독성,20.9,1
20210812,부산 동백섬,유령해파리_강독성,1.5,1
20210812,부산 영도,유령해파리_강독성,1.5,1
20210805,부산 영도,노무라입깃해파리_강독성,52.7,2
20210805,부산 태종대,노무라입깃해파리_강독성,52.7,2
20210805,부산 오륙도,노무라입깃해파리_강독성,52.7,2
20210805,부산 암남동,노무라입깃해파리_강독성,52.7,2
20210805,부산 광안리,노무라입깃해파리_강독성,52.7,2
20210805,부산 북형제도,노무라입깃해파리_강독성,52.7,2
20210805,부산 가덕도,노무라입깃해파리_강독성,52.7,1
20210805,부산 눌차도,노무라입깃해파리_강독성,52.7,1
20210805,부산 해운대,노무라입깃해파리_강독성,52.7,1
20210805,부산 청사포,노무라입깃해파리_강독성,52.7,1
20210805,부산 송정,노무라입깃해파리_강독성,52.7,1
20210805,부산 일광면,노무라입깃해파리_강독성,52.7,1
20210805,부산 가덕도,보름달물해파리_약독성,15.9,1
20210805,부산 눌차도,보름달물해파리_약독성,15.9,1
20210805,부산 광안리,보름달물해파리_약독성,15.9,1
20210805,부산 영도,유령해파리_강독성,2.7,2
20210729,부산 영도,노무라입깃해파리_강독성,47.7,2
20210729,부산 태종대,노무라입깃해파리_강독성,47.7,2
20210729,부산 암남동,노무라입깃해파리_강독성,47.7,2
20210729,부산 해운대,노무라입깃해파리_강독성,47.7,1
20210729,부산 청사포,노무라입깃해파리_강독성,47.7,1
20210729,부산 광안리,노무라입깃해파리_강독성,47.7,1
20210729,부산 일광면,노무라입깃해파리_강독성,47.7,1
20210729,부산 눌차도,보름달물해파리_약독성,19.6,1
20210729,부산 영도,유령해파리_강독성,2.3,2
20210729,부산 태종대,유령해파리_강독성,2.3,2
20210722,부산 영도,노무라입깃해파리_강독성,47.7,2
20210722,부산 암남동,노무라입깃해파리_강독성,47.7,2
20210722,부산 가덕도,노무라입깃해파리_강독성,47.7,2
20210722,부산 민락오륙도 사이,노무라입깃해파리_강독성,47.7,2
20210722,부산 북형제도,노무라입깃해파리_강독성,47.7,2
20210722,부산 남형제도,노무라입깃해파리_강독성,47.7,2
20210722,부산 오륙도,노무라입깃해파리_강독성,47.7,2
20210722,부산 동백섬,노무라입깃해파리_강독성,47.7,2
20210722,부산 송정,노무라입깃해파리_강독성,47.7,2
20210722,부산 태종도,노무라입깃해파리_강독성,47.7,1
20210722,부산 가덕도,노무라입깃해파리_강독성,47.7,1
20210722,부산 광안리,노무라입깃해파리_강독성,47.7,1
20210722,부산 영도,유령해파리_강독성,3.3,2
20210722,부산 태종대,유령해파리_강독성,3.3,2
20210722,부산 동백섬,유령해파리_강독성,3.3,1
20210715,부산 오륙도,노무라입깃해파리_강독성,43.1,2
20210715,부산 영도,노무라입깃해파리_강독성,43.1,2
20210715,부산 암남동,노무라입깃해파리_강독성,43.1,2
20210715,부산 동백섬,노무라입깃해파리_강독성,43.1,1
20210715,부산 청사포,노무라입깃해파리_강독성,43.1,1
20210715,부산 태종대,노무라입깃해파리_강독성,43.1,1
20210715,부산 가덕도,노무라입깃해파리_강독성,43.1,1
20210715,부산 북형제도,노무라입깃해파리_강독성,43.1,1
20210715,부산 송정,노무라입깃해파리_강독성,43.1,1
20210715,부산 일광면,노무라입깃해파리_강독성,43.1,1
20210715,부산 영도,보름달물해파리_약독성,16.3,2
20210715,부산 오륙도,보름달물해파리_약독성,16.3,2
20210715,부산 영도,유령해파리_강독성,2.4,2
20210715,부산 태종대,유령해파리_강독성,2.4,2
20210708,부산 영도,노무라입깃해파리_강독성,22.3,2
20210708,부산 가덕도,노무라입깃해파리_강독성,22.3,1
20210708,부산 북형제도,노무라입깃해파리_강독성,22.3,1
20210708,부산 가덕도,보름달물해파리_약독성,22.8,1
20210708,부산 오륙도,보름달물해파리_약독성,22.8,1
20210701,부산 영도,노무라입깃해파리_강독성,14.3,2
20210701,부산 태종대,노무라입깃해파리_강독성,14.3,1
20210701,부산 목도,노무라입깃해파리_강독성,14.3,1
20210701,부산 가덕도,노무라입깃해파리_강독성,14.3,1
20210701,부산 오륙도,보름달물해파리_약독성,22.3,1
20210701,부산 가덕도,보름달물해파리_약독성,22.3,1
20210701,부산 영도,보름달물해파리_약독성,22.3,1
20210701,부산 태종대,유령해파리_강독성,0.8,1
20210624,부산 청사포,노무라입깃해파리_강독성,7.1,2
20210624,부산 영도,노무라입깃해파리_강독성,7.1,1
20210624,부산 영도,보름달물해파리_약독성,27.4,1
20210624,부산 일광면,보름달물해파리_약독성,27.4,1
20210624,부산 가덕도,보름달물해파리_약독성,27.4,1
20210624,부산 송정,보름달물해파리_약독성,27.4,1
20210624,부산 영도 태종대,유령해파리_강독성,0.8,1
20210617,부산 태종대,노무라입깃해파리_강독성,3.2,1
20210617,부산 일광면,보름달물해파리_약독성,23.7,1
20210617,부산 가덕도,보름달물해파리_약독성,23.7,1
20210617,부산 영도,보름달물해파리_약독성,23.7,1
20210610,부산 영도,노무라입깃해파리_강독성,2.7,1
20210610,부산 가덕도,보름달물해파리_약독성,20.0,1
20210610,부산 북형제도 1마일,보름달물해파리_약독성,20.0,1
20210610,부산 영도,보름달물해파리_약독성,20.0,1
20210610,부산 영도,야광원양해파리_강독성,1.5,1
20210610,부산 암남동,유령해파리_강독성,1.5,1
20210603,부산 가덕도,노무라입깃해파리_강독성,1.2,1
20210603,부산 영도 태종대,노무라입깃해파리_강독성,1.2,1
20210603,부산 가덕도,보름달물해파리_약독성,22.2,1
20210527,부산 가덕도,노무라입깃해파리_강독성,0.8,1
20210527,부산 영도,노무라입깃해파리_강독성,0.8,1
20210527,부산 가덕도,보름달물해파리_약독성,21.8,1
20210527,부산 영도,보름달물해파리_약독성,21.8,1
20210527,부산 북형제도,유령해파리_강독성,1.6,1
20210527,부산 오륙도,유령해파리_강독성,1.6,1
20210520,부산 가덕도,보름달물해파리_약독성,13.0,1
20210520,부산 영도,보름달물해파리_약독성,13.0,1
20210520,부산 오륙도,보름달물해파리_약독성,13.0,1
20210520,부산 대변항,보름달물해파리_약독성,13.0,1
20210520,부산 다대포항,야광원양해파리_강독성,0.4,1
20210513,부산 가덕도,보름달물해파리_약독성,13.3,1
20210513,부산 오륙도,보름달물해파리_약독성,13.3,1
20210513,부산 영도,보름달물해파리_약독성,13.3,1
20210513,부산 대변항,보름달물해파리_약독성,13.3,1
20210513,부산 영도,야광원양해파리_강독성,1.6,1
20210513,부산 북형제도,야광원양해파리_강독성,1.6,1
20210506,부산 가덕도,보름달물해파리_약독성,11.8,1
20210506,부산 오륙도,보름달물해파리_약독성,11.8,1
20210506,부산 동백섬,보름달물해파리_약독성,11.8,1
20210506,부산 북형제도,보름달물해파리_약독성,11.8,1
20210506,부산 동백섬,보름달물해파리_약독성,11.8,1
20210506,부산 월내항,보름달물해파리_약독성,11.8,1
20210506,부산 영도,야광원양해파리_강독성,0.4,1
20201105,부산 오륙도송정 사이,보름달물해파리_약독성,6.3,1
20201029,부산 가덕도,노무라입깃해파리_강독성,12.4,1
20201029,부산 오륙도,노무라입깃해파리_강독성,12.4,1
20201029,부산 광안리,노무라입깃해파리_강독성,12.4,1
20201022,부산 청사포,노무라입깃해파리_강독성,18.2,1
20201022,부산 광안리,노무라입깃해파리_강독성,18.2,1
20201015,부산 가덕도,노무라입깃해파리_강독성,16.9,1
20201015,부산 오륙도,노무라입깃해파리_강독성,16.9,1
20201015,부산 광안리,노무라입깃해파리_강독성,16.9,1
20201008,부산 해운대,노무라입깃해파리_강독성,31.1,2
20201008,부산 영도,노무라입깃해파리_강독성,31.1,1
20201008,부산 송정,노무라입깃해파리_강독성,31.1,1
20201008,부산 해운대청사포 사이,노무라입깃해파리_강독성,31.1,1
20201008,부산 오륙도송정 사이,보름달물해파리_약독성,12.6,1
20201008,부산 공수방파제,보름달물해파리_약독성,12.6,1
20201008,부산 북형제도,보름달물해파리_약독성,12.6,1
20200924,부산 영도,노무라입깃해파리_강독성,46.7,2
20200924,부산 오륙도,노무라입깃해파리_강독성,46.7,2
20200924,부산 청사포,노무라입깃해파리_강독성,46.7,2
20200924,부산 오륙도송정 사이,노무라입깃해파리_강독성,46.7,2
20200924,부산 광안리,노무라입깃해파리_강독성,46.7,2
20200924,부산 다대항,노무라입깃해파리_강독성,46.7,2
20200924,부산 동백섬,노무라입깃해파리_강독성,46.7,1
20200924,부산 송정,노무라입깃해파리_강독성,46.7,1
20200917,부산 영도,노무라입깃해파리_강독성,45.8,2
20200917,부산 오륙도,노무라입깃해파리_강독성,45.8,2
20200917,부산 북형제도,노무라입깃해파리_강독성,45.8,2
20200917,부산 청사포,노무라입깃해파리_강독성,45.8,2
20200917,부산 광안리,노무라입깃해파리_강독성,45.8,2
20200917,부산 해운대,노무라입깃해파리_강독성,45.8,2
20200910,부산 영도,노무라입깃해파리_강독성,33.0,2
20200903,부산 오륙도,노무라입깃해파리_강독성,61.3,2
20200903,부산 북형제도,노무라입깃해파리_강독성,61.3,2
20200903,부산 광안리,노무라입깃해파리_강독성,61.3,2
20200903,부산 영도,노무라입깃해파리_강독성,61.3,2
20200903,부산 암남동,노무라입깃해파리_강독성,61.3,2
20200903,부산 오륙도송정 청사포 사이,노무라입깃해파리_강독성,61.3,2
20200903,부산 가덕도,노무라입깃해파리_강독성,61.3,1
20200903,부산 동백섬,노무라입깃해파리_강독성,61.3,1
20200903,부산 대변항,노무라입깃해파리_강독성,61.3,1
20200903,부산 가덕도,보름달물해파리_약독성,8.8,1
20200903,부산 가덕도,커튼원양해파리_강독성,1.3,1
20200827,부산 오륙도송정 사이,노무라입깃해파리_강독성,62.7,2
20200827,부산 공수방파제,노무라입깃해파리_강독성,62.7,2
20200827,부산 북형제도,노무라입깃해파리_강독성,62.7,2
20200827,부산 광안리,노무라입깃해파리_강독성,62.7,2
20200827,부산 태종대,노무라입깃해파리_강독성,62.7,2
20200827,부산 다대항,노무라입깃해파리_강독성,62.7,2
20200827,부산 영도,노무라입깃해파리_강독성,62.7,2
20200827,부산 청사포,노무라입깃해파리_강독성,62.7,2
20200827,부산 영도,노무라입깃해파리_강독성,62.7,2
20200827,부산 가덕도,노무라입깃해파리_강독성,62.7,2
20200827,부산 동백섬,노무라입깃해파리_강독성,62.7,2
20200827,부산 해운대,노무라입깃해파리_강독성,62.7,1
20200827,부산 공수방파제,보름달물해파리_약독성,13.0,2
20200827,부산 청사포,보름달물해파리_약독성,13.0,2
20200827,부산 영도,보름달물해파리_약독성,13.0,2
20200827,부산 가덕도,보름달물해파리_약독성,13.0,1
20200827,부산 청사포,유령해파리_강독성,1.8,1
20200820,부산 영도,노무라입깃해파리_강독성,54.0,2
20200820,부산 오륙도,노무라입깃해파리_강독성,54.0,2
20200820,부산 목도,노무라입깃해파리_강독성,54.0,2
20200820,부산 청사포,노무라입깃해파리_강독성,54.0,2
20200820,부산 태종대,노무라입깃해파리_강독성,54.0,2
20200820,부산 다대항,노무라입깃해파리_강독성,54.0,2
20200820,부산 광안,노무라입깃해파리_강독성,54.0,2
20200820,부산 해운대,노무라입깃해파리_강독성,54.0,2
20200820,부산 송도,노무라입깃해파리_강독성,54.0,1
20200820,부산 가덕도,보름달물해파리_약독성,15.3,1
20200820,부산 해운대청사포 사이,보름달물해파리_약독성,15.3,1
20200820,부산 영도,유령해파리_강독성,2.5,1
20200820,부산 다대항,유령해파리_강독성,2.5,1
20200813,부산 영도,노무라입깃해파리_강독성,51.3,2
20200813,부산 가덕도,노무라입깃해파리_강독성,51.3,2
20200813,부산 오륙도,노무라입깃해파리_강독성,51.3,2
20200813,부산 다대항,노무라입깃해파리_강독성,51.3,2
20200813,부산 광안리,노무라입깃해파리_강독성,51.3,1
20200813,부산 청사포,노무라입깃해파리_강독성,51.3,1
20200813,부산 해운대,노무라입깃해파리_강독성,51.3,1
20200813,부산 신항만,노무라입깃해파리_강독성,51.3,1
20200813,부산 가덕도,노무라입깃해파리_강독성,51.3,1
20200813,부산 신항만,보름달물해파리_약독성,20.4,1
20200813,부산 영도,유령해파리_강독성,1.3,2
20200806,부산 영도,노무라입깃해파리_강독성,53.2,2
20200806,부산 태종대,노무라입깃해파리_강독성,53.2,2
20200806,부산 오륙도,노무라입깃해파리_강독성,53.2,2
20200806,부산 다대동,노무라입깃해파리_강독성,53.2,2
20200806,부산 가덕도,노무라입깃해파리_강독성,53.2,2
20200806,부산 오륙도송정 사이,보름달물해파리_약독성,16.7,1
20200806,부산 영도,유령해파리_강독성,1.9,2
20200730,부산 영도,노무라입깃해파리_강독성,47.1,2
20200730,부산 오륙도,노무라입깃해파리_강독성,47.1,2
20200730,부산 태종대,노무라입깃해파리_강독성,47.1,2
20200730,부산 북형제도,노무라입깃해파리_강독성,47.1,2
20200730,부산 남형제도,노무라입깃해파리_강독성,47.1,2
20200730,부산 청사포,노무라입깃해파리_강독성,47.1,2
20200730,부산 송정,노무라입깃해파리_강독성,47.1,1
20200730,부산 태종도영도 사이,보름달물해파리_약독성,15.9,2
20200730,부산 영도,유령해파리_강독성,1.2,1
20200723,부산 오륙도,노무라입깃해파리_강독성,38.4,2
20200723,부산 북형제도,노무라입깃해파리_강독성,38.4,2
20200723,부산 영도,노무라입깃해파리_강독성,38.4,2
20200723,부산 동백섬,노무라입깃해파리_강독성,38.4,2
20200723,부산 광안리,노무라입깃해파리_강독성,38.4,2
20200723,부산 암남동,노무라입깃해파리_강독성,38.4,2
20200723,부산 가덕도,노무라입깃해파리_강독성,38.4,1
20200723,부산 다대포,노무라입깃해파리_강독성,38.4,1
20200723,부산 청사포,노무라입깃해파리_강독성,38.4,1
20200723,부산 기장공수마을,노무라입깃해파리_강독성,38.4,1
20200723,부산 오륙도,보름달물해파리_약독성,24.3,1
20200723,부산 영도,보름달물해파리_약독성,24.3,1
20200723,부산 청사포,보름달물해파리_약독성,24.3,1
20200723,부산 암남동,보름달물해파리_약독성,24.3,1
20200716,부산 가덕도,노무라입깃해파리_강독성,33.3,2
20200716,부산 북형제도,노무라입깃해파리_강독성,33.3,2
20200716,부산 영도,노무라입깃해파리_강독성,33.3,2
20200716,부산 동백섬,노무라입깃해파리_강독성,33.3,2
20200716,부산 청사포,노무라입깃해파리_강독성,33.3,2
20200716,부산 오륙도,노무라입깃해파리_강독성,33.3,1
20200716,부산 해운대,노무라입깃해파리_강독성,33.3,1
20200716,부산 가덕도,보름달물해파리_약독성,25.0,2
20200716,부산 북형제도,보름달물해파리_약독성,25.0,2
20200716,부산 영도,보름달물해파리_약독성,25.0,1
20200716,부산 다대항,유령해파리_강독성,1.1,2
20200716,부산 영도,살파류(척삭동물)_무해성,4.4,2
20200709,부산 영도,노무라입깃해파리_강독성,21.1,2
20200709,부산 생도,노무라입깃해파리_강독성,21.1,2
20200709,부산 오륙도,노무라입깃해파리_강독성,21.1,2
20200709,부산 암남동,노무라입깃해파리_강독성,21.1,2
20200709,부산 해운대,노무라입깃해파리_강독성,21.1,1
20200709,부산 다대포,노무라입깃해파리_강독성,21.1,1
20200709,부산 송정,노무라입깃해파리_강독성,21.1,1
20200709,부산 북형제도,노무라입깃해파리_강독성,21.1,1
20200709,부산 해운대,보름달물해파리_약독성,24.7,2
20200709,부산 오륙도,보름달물해파리_약독성,24.7,2
20200709,부산 북형제도,보름달물해파리_약독성,24.7,2
20200709,부산 다대항,유령해파리_강독성,1.1,2
20200709,부산 암남동,유령해파리_강독성,1.1,2
20200709,부산 오륙도송정 사이,작은상자해파리_맹독성,0.5,1
20200709,부산 가덕도,커튼원양해파리_강독성,3.2,1
20200709,부산 해운대,살파류(척삭동물)_무해성,8.9,2
20200709,부산 송정,살파류(척삭동물)_무해성,8.9,2
20200709,부산 생도,살파류(척삭동물)_무해성,8.9,2
20200702,부산 오륙도,노무라입깃해파리_강독성,13.2,2
20200702,부산 기장 고리마을,노무라입깃해파리_강독성,13.2,2
20200702,부산 동백섬,노무라입깃해파리_강독성,13.2,1
20200702,부산 다대항,노무라입깃해파리_강독성,13.2,1
20200702,부산 생도,노무라입깃해파리_강독성,13.2,1
20200702,부산 기장 공수마을,노무라입깃해파리_강독성,13.2,1
20200702,부산 암남동,노무라입깃해파리_강독성,13.2,1
20200702,부산 영도,노무라입깃해파리_강독성,13.2,1
20200702,부산 다대포,보름달물해파리_약독성,26.4,2
20200702,부산 가덕도,보름달물해파리_약독성,26.4,1
20200702,부산 청사포,보름달물해파리_약독성,26.4,1
20200702,부산 영도,유령해파리_강독성,1.4,1
20200702,부산 가덕도,커튼원양해파리_강독성,3.8,1
20200702,부산 청사포,커튼원양해파리_강독성,3.8,1
20200702,부산 생도,살파류(척삭동물)_무해성,7.5,1
20200625,부산 북형제도,노무라입깃해파리_강독성,4.23,1
20200625,부산 생도,노무라입깃해파리_강독성,4.23,1
20200625,부산 동백섬,노무라입깃해파리_강독성,4.23,1
20200625,부산 영도,보름달물해파리_약독성,23.94,1
20200625,부산 오륙도,보름달물해파리_약독성,23.94,1
20200625,부산 송도,보름달물해파리_약독성,23.94,1
20200625,부산 가덕도,보름달물해파리_약독성,23.94,1
20200625,부산 동백섬,살파류(척삭동물)_무해성,3.29,1
20200625,부산 북형제도,살파류(척삭동물)_무해성,3.29,1
20200625,부산 영도,살파류(척삭동물)_무해성,3.29,1
20200618,부산 동백섬,노무라입깃해파리_강독성,5.94,1
20200611,부산 다대항,보름달물해파리_약독성,24.12,2
20200611,부산 가덕도,보름달물해파리_약독성,24.12,1
20200611,부산 해운대,보름달물해파리_약독성,24.12,1
20200611,부산 청사포,보름달물해파리_약독성,24.12,1
20200604,부산 오륙도,보름달물해파리_약독성,17.28,1
20200604,부산 오륙도,유령해파리_강독성,0.82,1
20200528,부산 해운대,보름달물해파리_약독성,19.65,1
20200521,부산 다대항,노무라입깃해파리_강독성,2.36,1
20200521,부산 영도 생도,보름달물해파리_약독성,11.79,1
20200521,부산 오륙도,보름달물해파리_약독성,11.79,1
20200521,부산 해운대,보름달물해파리_약독성,11.79,1
20200521,부산 기장 공수마을,보름달물해파리_약독성,11.79,1
20200514,부산 다대항,노무라입깃해파리_강독성,0.88,1
20200514,부산 오륙도,보름달물해파리_약독성,10.18,1
20200514,부산 송정,보름달물해파리_약독성,10.18,1
20200514,부산 광안리,유령해파리_강독성,0.44,1
20200507,부산 오륙도,보름달물해파리_약독성,5.29,1
20200507,부산 송정,보름달물해파리_약독성,5.29,1
20191031,부산 생도,유령해파리_강독성,1.69,1
20191024,부산 광안리,노무라입깃해파리_강독성,7.39,1
20191024,부산 영도,유령해파리_강독성,1.14,1
20191017,부산 목도,노무라입깃해파리_강독성,11.81,1
20191017,부산 다대포,노무라입깃해파리_강독성,11.81,1
20191010,부산 다대포,노무라입깃해파리_강독성,14.57,1
20191010,부산 목도,노무라입깃해파리_강독성,14.57,1
20191010,부산 광안리,노무라입깃해파리_강독성,14.57,1
20190919,부산 영도,노무라입깃해파리_강독성,35.54,2
20190919,부산 생도,노무라입깃해파리_강독성,35.54,2
20190919,부산 오륙도,노무라입깃해파리_강독성,35.54,2
20190919,부산 송정,노무라입깃해파리_강독성,35.54,2
20190919,부산 가덕도,보름달물해파리_약독성,9.04,1
20190919,부산 청사포,보름달물해파리_약독성,9.04,1
20190905,부산 생도,노무라입깃해파리_강독성,41.24,2
20190905,부산 송정,노무라입깃해파리_강독성,41.24,2
20190905,부산 다대항,노무라입깃해파리_강독성,41.24,2
20190905,부산 광안리,노무라입깃해파리_강독성,41.24,2
20190905,부산 청사포,노무라입깃해파리_강독성,41.24,1
20190905,부산 오륙도,노무라입깃해파리_강독성,41.24,1
20190905,부산 생도,유령해파리_강독성,3.09,2
20190905,부산 오륙도,유령해파리_강독성,3.09,1
20190829,부산 해운대 동백섬,노무라입깃해파리_강독성,39.38,2
20190829,부산 해운대 태종대,노무라입깃해파리_강독성,39.38,2
20190829,부산 생도,노무라입깃해파리_강독성,39.38,2
20190829,부산 오륙도,노무라입깃해파리_강독성,39.38,2
20190829,부산 송정,노무라입깃해파리_강독성,39.38,2
20190829,부산 목도,노무라입깃해파리_강독성,39.38,2
20190829,부산 광안리,노무라입깃해파리_강독성,39.38,2
20190829,부산 공수방파제,노무라입깃해파리_강독성,39.38,1
20190829,부산 오륙도,보름달물해파리_약독성,17.1,2
20190829,부산 가덕도,보름달물해파리_약독성,17.1,1
20190822,부산 영도,노무라입깃해파리_강독성,35.11,2
20190822,부산 태종대,노무라입깃해파리_강독성,35.11,2
20190822,부산 목도,노무라입깃해파리_강독성,35.11,2
20190822,부산 청사포,노무라입깃해파리_강독성,35.11,1
20190822,부산 오륙도,노무라입깃해파리_강독성,35.11,1
20190822,부산 가덕도,보름달물해파리_약독성,13.83,1
20190822,부산 생도,보름달물해파리_약독성,13.83,1
20190822,부산 오륙도,보름달물해파리_약독성,13.83,1
20190822,부산 생도,유령해파리_강독성,3.19,2
20190808,부산 생도,노무라입깃해파리_강독성,39.61,2
20190808,부산 북형제도,노무라입깃해파리_강독성,39.61,2
20190808,부산 오륙도,노무라입깃해파리_강독성,39.61,1
20190808,부산 동백섬,노무라입깃해파리_강독성,39.61,1
20190808,부산 송도·송정·해운대,노무라입깃해파리_강독성,39.61,1
20190808,부산 생도,보름달물해파리_약독성,19.32,2
20190808,부산 동백섬,보름달물해파리_약독성,19.32,2
20190808,부산 송도·광안리·송정,보름달물해파리_약독성,19.32,1
20190808,부산 생도,유령해파리_강독성,3.38,1
20190808,부산 다대항,유령해파리_강독성,3.38,1
20190808,부산 오륙도,커튼원양해파리_강독성,0.97,1
20190801,부산 영도,노무라입깃해파리_강독성,35.64,2
20190801,부산 다대항,노무라입깃해파리_강독성,35.64,2
20190801,부산 광안리,노무라입깃해파리_강독성,35.64,2
20190801,부산 해운대,노무라입깃해파리_강독성,35.64,1
20190801,부산 송정,노무라입깃해파리_강독성,35.64,1
20190801,부산 청사포,노무라입깃해파리_강독성,35.64,1
20190801,부산 생도,노무라입깃해파리_강독성,35.64,1
20190801,부산 기장 공수마을,노무라입깃해파리_강독성,35.64,1
20190801,부산 송정,보름달물해파리_약독성,14.89,1
20190801,부산 광안리,보름달물해파리_약독성,14.89,1
20190801,부산 영도,유령해파리_강독성,3.19,2
20190801,부산 다대항,유령해파리_강독성,3.19,2
20190725,부산 다대항,노무라입깃해파리_강독성,22.92,2
20190725,부산 북형제도,노무라입깃해파리_강독성,22.92,2
20190725,부산 생도,노무라입깃해파리_강독성,22.92,2
20190725,부산 가덕도,보름달물해파리_약독성,20.31,1
20190725,부산 생도,보름달물해파리_약독성,20.31,1
20190725,부산 오륙도,보름달물해파리_약독성,20.31,1
20190725,부산 수영만,보름달물해파리_약독성,20.31,1
20190725,부산 동백섬,보름달물해파리_약독성,20.31,1
20190725,부산 다대항,유령해파리_강독성,2.08,2
20190718,부산 영도,노무라입깃해파리_강독성,30.77,2
20190718,부산 생도,노무라입깃해파리_강독성,30.77,2
20190718,부산 북형제도,노무라입깃해파리_강독성,30.77,1
20190718,부산 오륙도,노무라입깃해파리_강독성,30.77,1
20190718,부산 광안리,노무라입깃해파리_강독성,30.77,1
20190718,부산 청사포,보름달물해파리_약독성,22.56,1
20190718,부산 가덕도,보름달물해파리_약독성,22.56,1
20190718,부산 북형제도,유령해파리_강독성,2.05,1
20190718,부산 광안리,유령해파리_강독성,2.05,1
20190711,부산 영도,노무라입깃해파리_강독성,18.72,2
20190711,부산 가덕도,노무라입깃해파리_강독성,18.72,1
20190711,부산 광안리,노무라입깃해파리_강독성,18.72,1
20190711,부산 가덕도,보름달물해파리_약독성,21.18,1
20190711,부산 영도,보름달물해파리_약독성,21.18,1
20190711,부산 광안리,보름달물해파리_약독성,21.18,1
20190711,부산 송정,보름달물해파리_약독성,21.18,1
20190711,부산 다대항,유령해파리_강독성,2.46,1
20190711,부산 광안리,유령해파리_강독성,2.46,1
20190704,부산 영도,노무라입깃해파리_강독성,17.87,2
20190704,부산 해운대,노무라입깃해파리_강독성,17.87,2
20190704,부산 가덕도,노무라입깃해파리_강독성,17.87,1
20190704,부산 다대포항,노무라입깃해파리_강독성,17.87,1
20190704,부산 기장 청사포,노무라입깃해파리_강독성,17.87,1
20190704,부산 오륙도,보름달물해파리_약독성,20.77,1
20190704,부산 광안리,보름달물해파리_약독성,20.77,1
20190704,부산 다대항,유령해파리_강독성,2.42,1
20190627,부산 영도,노무라입깃해파리_강독성,9.05,2
20190627,부산 목도,노무라입깃해파리_강독성,9.05,1
20190627,부산 생도,보름달물해파리_약독성,26.19,1
20190627,부산 오륙도,보름달물해파리_약독성,26.19,1
20190627,부산 송정,보름달물해파리_약독성,26.19,1
20190627,부산 해운대,보름달물해파리_약독성,26.19,1
20190627,부산 다대항,유령해파리_강독성,1.43,1
20190620,부산 해운대,노무라입깃해파리_강독성,3.23,1
20190620,부산 영도,보름달물해파리_약독성,26.73,1
20190620,부산 생도,보름달물해파리_약독성,26.73,1
20190620,부산 동백섬,보름달물해파리_약독성,26.73,1
20190530,부산 생도,노무라입깃해파리_강독성,1.36,1
20190530,부산 목도,야광원양해파리_강독성,0.45,1
20190530,부산 목도,유령해파리_강독성,0.45,1
20190523,부산 수영만,보름달물해파리_약독성,9.05,1
20190523,부산 광안리,보름달물해파리_약독성,9.05,1
20190523,부산 오륙도,보름달물해파리_약독성,9.05,1
20190523,부산 목도,야광원양해파리_강독성,0.48,1
20190523,부산 다대항,유령해파리_강독성,0.48,1
20190516,부산 목도,노무라입깃해파리_강독성,0.85,1
20190516,부산 생도,보름달물해파리_약독성,8.51,1
20190516,부산 오륙도,보름달물해파리_약독성,8.51,1
20190516,부산 광안리,보름달물해파리_약독성,8.51,1
20190516,부산 다대항,유령해파리_강독성,0.43,1
20190516,부산 영도,살파류(척삭동물)_무해성,2.98,1
20190516,부산 해운대,살파류(척삭동물)_무해성,2.98,1
20190509,부산 생도,보름달물해파리_약독성,7.11,1
20190509,부산 오륙도,보름달물해파리_약독성,7.11,1
20181206,부산 동삼동,노무라입깃해파리_강독성,4.32,1
20181129,부산 동삼동,노무라입깃해파리_강독성,4.88,1
20181122,부산 동삼동,노무라입깃해파리_강독성,5.29,1
20181122,부산 광안리,유령해파리_강독성,1.18,1
20181115,부산 영도,노무라입깃해파리_강독성,6.88,1
20181101,부산 목도,노무라입깃해파리_강독성,14.44,1
20181101,부산 동삼동,노무라입깃해파리_강독성,14.44,1
20181101,부산 해운대 청사포,유령해파리_강독성,1.67,1
20181025,부산 다대항,노무라입깃해파리_강독성,14.65,1
20181025,부산 광안리,유령해파리_강독성,0.51,1
20181018,부산 목도,노무라입깃해파리_강독성,9.47,1
20181018,부산 목도,유령해파리_강독성,3.68,1
20181011,부산 오륙도송정,노무라입깃해파리_강독성,16.46,1
20181004,부산 다대항,노무라입깃해파리_강독성,21.11,1
20181004,부산 동삼동,노무라입깃해파리_강독성,21.11,1
20181004,부산 오륙도,노무라입깃해파리_강독성,21.11,1
20181004,부산 송정,노무라입깃해파리_강독성,21.11,1
20181004,부산 생도,보름달물해파리_약독성,9.44,1
20181004,부산 동삼동,유령해파리_강독성,3.33,1
20181004,부산 청사포,유령해파리_강독성,3.33,1
20180920,부산 영도,노무라입깃해파리_강독성,24.39,1
20180920,부산 청사포,노무라입깃해파리_강독성,24.39,1
20180920,부산 생도,보름달물해파리_약독성,11.71,2
20180920,부산 가덕도 눌차만,보름달물해파리_약독성,11.71,1
20180920,부산 영도,유령해파리_강독성,3.9,1
20180913,부산 다대항,유령해파리_강독성,4.4,1
20180906,부산 오륙도,노무라입깃해파리_강독성,20.63,2
20180906,부산 동삼동,노무라입깃해파리_강독성,20.63,2
20180906,부산 생도,노무라입깃해파리_강독성,20.63,1
20180906,부산 목도,노무라입깃해파리_강독성,20.63,1
20180906,부산 영도,노무라입깃해파리_강독성,20.63,1
20180906,부산 다대항,노무라입깃해파리_강독성,20.63,1
20180906,부산 가덕도,보름달물해파리_약독성,16.4,1
20180906,부산 생도,보름달물해파리_약독성,16.4,1
20180906,부산 오륙도,보름달물해파리_약독성,16.4,1
20180906,부산 기장 원전고리,보름달물해파리_약독성,16.4,1
20180906,부산 영도,유령해파리_강독성,4.23,1
20180906,부산 오륙도,유령해파리_강독성,4.23,1
20180906,부산 다대항,유령해파리_강독성,4.23,1
20180830,부산 영도,노무라입깃해파리_강독성,20.77,1
20180830,부산 영도 생도부근,노무라입깃해파리_강독성,20.77,1
20180830,부산 가덕도,보름달물해파리_약독성,15.85,1
20180830,부산 오륙도송정청사포,보름달물해파리_약독성,15.85,1
20180830,부산 고리원전,보름달물해파리_약독성,15.85,1
20180830,부산 영도,유령해파리_강독성,6.01,1
20180823,부산 영도,노무라입깃해파리_강독성,19.58,2
20180823,부산 영도 생도,노무라입깃해파리_강독성,19.58,1
20180823,부산 가덕도,보름달물해파리_약독성,24.87,1
20180823,부산 오륙도,보름달물해파리_약독성,24.87,1
20180823,부산 영도 생도,보름달물해파리_약독성,24.87,1
20180823,부산 동삼동,보름달물해파리_약독성,24.87,1
20180823,부산 목도,유령해파리_강독성,6.88,1
20180823,부산 영도,유령해파리_강독성,6.88,1
20180823,부산 광안리,유령해파리_강독성,6.88,1
20180816,부산 생도,노무라입깃해파리_강독성,16.97,2
20180816,부산 목도,노무라입깃해파리_강독성,16.97,2
20180816,부산 송도,노무라입깃해파리_강독성,16.97,1
20180816,부산 송도,보름달물해파리_약독성,29.09,1
20180816,부산 송도 생도,보름달물해파리_약독성,29.09,1
20180816,부산 가덕도,보름달물해파리_약독성,29.09,1
20180816,부산 고리원전,보름달물해파리_약독성,29.09,1
20180816,부산 오륙도,보름달물해파리_약독성,29.09,1
20180816,부산 목도,유령해파리_강독성,6.67,1
20180816,부산 동백리,유령해파리_강독성,6.67,1
20180809,부산 생도,노무라입깃해파리_강독성,15.51,2
20180809,부산 오륙도,노무라입깃해파리_강독성,15.51,1
20180809,부산 광안리,노무라입깃해파리_강독성,15.51,1
20180809,부산 영도 생도,보름달물해파리_약독성,25.67,2
20180809,부산 가덕도,보름달물해파리_약독성,25.67,1
20180809,부산 오륙도,보름달물해파리_약독성,25.67,1
20180809,부산 동삼동,보름달물해파리_약독성,25.67,1
20180809,부산 광안리,보름달물해파리_약독성,25.67,1
20180809,부산 해운대 청사포,보름달물해파리_약독성,25.67,1
20180809,부산 광안리,유령해파리_강독성,6.95,1
20180809,부산 해운대,유령해파리_강독성,6.95,1
20180809,부산 고리원전,유령해파리_강독성,6.95,1
20180802,부산 오륙도,노무라입깃해파리_강독성,18.54,2
20180802,부산 생도,노무라입깃해파리_강독성,18.54,2
20180802,부산 동삼동,노무라입깃해파리_강독성,18.54,2
20180802,부산 동백섬,노무라입깃해파리_강독성,18.54,1
20180802,부산 가덕도,보름달물해파리_약독성,29.21,2
20180802,부산 오륙도,보름달물해파리_약독성,29.21,2
20180802,부산 송도,보름달물해파리_약독성,29.21,1
20180802,부산 생도,보름달물해파리_약독성,29.21,1
20180802,부산 오륙도,유령해파리_강독성,11.8,2
20180802,부산 영도,유령해파리_강독성,11.8,2
20180802,부산 동삼동,유령해파리_강독성,11.8,1
20180802,부산 청사포,유령해파리_강독성,11.8,1
20180726,부산 영도 생도,노무라입깃해파리_강독성,13.73,2
20180726,부산 가덕도,노무라입깃해파리_강독성,13.73,1
20180726,부산 생도,노무라입깃해파리_강독성,13.73,1
20180726,부산 오륙도,노무라입깃해파리_강독성,13.73,1
20180726,부산 오륙도,보름달물해파리_약독성,28.43,2
20180726,부산 가덕도,보름달물해파리_약독성,28.43,1
20180726,부산 고리원전,보름달물해파리_약독성,28.43,1
20180726,부산 동삼동,유령해파리_강독성,7.84,2
20180726,부산 광안리,유령해파리_강독성,7.84,1
20180719,부산 오륙도,노무라입깃해파리_강독성,9.84,1
20180719,부산 기장 동수,노무라입깃해파리_강독성,9.84,1
20180719,부산 동백섬,보름달물해파리_약독성,27.98,1
20180719,부산 가덕도,보름달물해파리_약독성,27.98,1
20180719,부산 오륙도,보름달물해파리_약독성,27.98,1
20180719,부산 오륙도 청사포,보름달물해파리_약독성,27.98,1
20180719,부산 기장 고리원전,보름달물해파리_약독성,27.98,1
20180712,부산 목도,노무라입깃해파리_강독성,5.39,1
20180712,부산 영도,노무라입깃해파리_강독성,5.39,1
20180712,부산 가덕도,보름달물해파리_약독성,25.15,2
20180712,부산 영도,보름달물해파리_약독성,25.15,1
20180712,부산 다대항,유령해파리_강독성,1.2,1
20180712,부산 영도,유령해파리_강독성,1.2,1
20180705,부산 동백섬,보름달물해파리_약독성,26.67,1
20180705,부산 다대항,유령해파리_강독성,2.22,1
20180628,부산 가덕도,보름달물해파리_약독성,33.33,2
20180628,부산 가덕도,보름달물해파리_약독성,33.33,1
20180628,부산 목도,보름달물해파리_약독성,33.33,1
20180628,부산 광안리,보름달물해파리_약독성,33.33,1
20180628,부산 영도,유령해파리_강독성,1.37,1
20180621,부산 영도 오륙도,노무라입깃해파리_강독성,2.06,1
20180621,부산 광안리,보름달물해파리_약독성,34.02,1
20180621,부산 가덕도,보름달물해파리_약독성,34.02,1
20180621,부산 해운대 청사포,야광원양해파리_강독성,0.52,1
20180621,부산 영도,유령해파리_강독성,0.52,1
20180621,부산 목도,유령해파리_강독성,0.52,1
20180621,부산 오륙도,유령해파리_강독성,0.52,1
20180614,부산 해운대,보름달물해파리_약독성,19.05,2
20180614,부산 광안리,보름달물해파리_약독성,19.05,1
20180614,부산 생도,보름달물해파리_약독성,19.05,1
20180614,부산 목도,보름달물해파리_약독성,19.05,1
20180614,부산 목도,유령해파리_강독성,0.44,1
20180607,부산 목도,보름달물해파리_약독성,26.32,1
20180607,부산 오륙도,보름달물해파리_약독성,26.32,1
20180531,부산 오륙도,보름달물해파리_약독성,21.57,1
20180531,부산 가덕도,보름달물해파리_약독성,21.57,1
20180524,부산 가덕도,보름달물해파리_약독성,17.73,1
20180517,부산 영도,보름달물해파리_약독성,13.61,2
20180517,부산 가덕도,보름달물해파리_약독성,13.61,1
20171123,부산 오륙도,노무라입깃해파리_강독성,5.7,0
20171116,부산 목도,노무라입깃해파리_강독성,4.91,0
20171116,부산 오륙도,보름달물해파리_약독성,3.07,1
20171109,부산 광안리,보름달물해파리_약독성,1.92,0
20171102,부산 동백섬,유령해파리_강독성,1.91,0
20171026,부산 목도,노무라입깃해파리_강독성,8.57,0
20171026,부산 시랑리,노무라입깃해파리_강독성,8.57,0
20171019,부산 오륙도,노무라입깃해파리_강독성,11.76,1
20171019,부산 청사포,노무라입깃해파리_강독성,11.76,1
20171012,부산 오륙도,노무라입깃해파리_강독성,16.77,1
20171012,부산 목도,노무라입깃해파리_강독성,16.77,1
20171012,부산 영도,유령해파리_강독성,2.58,0
20170928,부산 동백섬,노무라입깃해파리_강독성,15.48,1
20170928,부산 오륙도,노무라입깃해파리_강독성,15.48,1
20170928,부산 오륙도 청사포,노무라입깃해파리_강독성,15.48,1
20170928,부산 영도,노무라입깃해파리_강독성,15.48,1
20170928,부산 가덕도 눌차만,보름달물해파리_약독성,10.12,1
20170928,부산 영도,유령해파리_강독성,4.17,1
20170921,부산 목도,노무라입깃해파리_강독성,15.61,1
20170921,부산 영도,노무라입깃해파리_강독성,15.61,1
20170921,부산 가덕도 눌차만,보름달물해파리_약독성,7.46,1
20170914,부산 영도,보름달물해파리_약독성,11.83,2
20170914,부산 오륙도,보름달물해파리_약독성,11.83,2
20170914,부산 가덕도,보름달물해파리_약독성,11.83,1
20170914,부산 학리,보름달물해파리_약독성,11.83,1
20170914,부산 영도,노무라입깃해파리_강독성,15.98,1
20170907,부산 영도,노무라입깃해파리_강독성,17.88,2
20170907,부산 오륙도,노무라입깃해파리_강독성,17.88,1
20170907,부산 오륙도,보름달물해파리_약독성,21.85,2
20170907,부산 영도등대,보름달물해파리_약독성,21.85,2
20170907,부산 해운대,보름달물해파리_약독성,21.85,2
20170907,부산 해운대 청사포,보름달물해파리_약독성,21.85,2
20170907,부산 학리,보름달물해파리_약독성,21.85,2
20170831,부산 오륙도,노무라입깃해파리_강독성,20.81,2
20170831,부산 생도,노무라입깃해파리_강독성,20.81,1
20170831,부산 오륙도,보름달물해파리_약독성,22.54,2
20170831,부산 해운대,보름달물해파리_약독성,22.54,2
20170831,부산 학리,보름달물해파리_약독성,22.54,2
20170831,부산 영도,보름달물해파리_약독성,22.54,1
20170831,부산 생도,보름달물해파리_약독성,22.54,1
20170831,부산 가덕도,보름달물해파리_약독성,22.54,1
20170831,부산 청사포,보름달물해파리_약독성,22.54,1
20170831,부산 오륙도,유령해파리_강독성,6.36,2
20170824,부산 오륙도,노무라입깃해파리_강독성,10.69,1
20170824,부산 목도,노무라입깃해파리_강독성,10.69,1
20170824,부산 오륙도,보름달물해파리_약독성,27.04,2
20170824,부산 생도,보름달물해파리_약독성,27.04,2
20170824,부산 목도,보름달물해파리_약독성,27.04,2
20170824,부산 영도,보름달물해파리_약독성,27.04,2
20170824,부산 영도,보름달물해파리_약독성,27.04,1
20170817,부산 영도,노무라입깃해파리_강독성,16.67,2
20170817,부산 가덕도,노무라입깃해파리_강독성,16.67,1
20170817,부산 오륙도,노무라입깃해파리_강독성,16.67,1
20170817,부산 목도,노무라입깃해파리_강독성,16.67,1
20170817,부산 오륙도,보름달물해파리_약독성,29.63,2
20170817,부산 가덕도,보름달물해파리_약독성,29.63,2
20170817,부산 목도,보름달물해파리_약독성,29.63,2
20170817,부산 목도 대항동,보름달물해파리_약독성,29.63,2
20170817,부산 영도,보름달물해파리_약독성,29.63,2
20170817,부산 청사포,보름달물해파리_약독성,29.63,1
20170817,부산 송도,유령해파리_강독성,3.09,2
20170817,부산 영도,유령해파리_강독성,3.09,1
20170817,부산 송도,커튼원양해파리_강독성,3.7,1
20170810,부산 오륙도,노무라입깃해파리_강독성,12.24,1
20170810,부산 동백섬,보름달물해파리_약독성,27.89,1
20170810,부산 오륙도,보름달물해파리_약독성,27.89,1
20170810,부산 오륙도 다대동,보름달물해파리_약독성,27.89,1
20170810,부산 오륙도 공수,보름달물해파리_약독성,27.89,1
20170810,부산 청사포,보름달물해파리_약독성,27.89,1
20170810,부산 송도,유령해파리_강독성,2.72,2
20170810,부산 다대동,유령해파리_강독성,2.72,1
20170803,부산 영도,노무라입깃해파리_강독성,13.12,2
20170803,부산 기장 동수,노무라입깃해파리_강독성,13.12,2
20170803,부산 오륙도,노무라입깃해파리_강독성,13.12,2
20170803,부산 가덕도,보름달물해파리_약독성,30.63,2
20170803,부산 오륙도,보름달물해파리_약독성,30.63,2
20170803,부산 생도,보름달물해파리_약독성,30.63,2
20170803,부산 가덕도,보름달물해파리_약독성,30.63,2
20170803,부산 오륙도,유령해파리_강독성,3.75,0
20170727,부산 영도,노무라입깃해파리_강독성,8.92,2
20170727,부산 고리원자력 발전소,노무라입깃해파리_강독성,8.92,2
20170727,부산 청사포,노무라입깃해파리_강독성,8.92,1
20170727,부산 동백리,노무라입깃해파리_강독성,8.92,1
20170727,부산 가덕도,보름달물해파리_약독성,32.48,2
20170727,부산 영도,보름달물해파리_약독성,32.48,2
20170727,부산 청사포,보름달물해파리_약독성,32.48,1
20170727,부산 영도,유령해파리_강독성,5.1,2
20170720,부산 영도,노무라입깃해파리_강독성,7.02,2
20170720,부산 기장 동수,보름달물해파리_약독성,35.09,2
20170720,부산 가덕도,보름달물해파리_약독성,35.09,1
20170720,부산 고리원자력 발전소,유령해파리_강독성,4.09,2
20170720,부산 오륙도,유령해파리_강독성,4.09,1
20170720,부산 해운대,커튼원양해파리_강독성,2.34,1
20170713,부산 고리원전,노무라입깃해파리_강독성,2.16,2
20170713,부산 가덕도,보름달물해파리_약독성,37.84,2
20170713,부산 다대포,보름달물해파리_약독성,37.84,1
20170713,부산 동백섬,보름달물해파리_약독성,37.84,1
20170713,부산 해운대,유령해파리_강독성,3.24,0
20170713,부산 해운대,커튼원양해파리_강독성,1.62,1
20170706,부산 영도,노무라입깃해파리_강독성,3.7,0
20170706,부산 가덕도,보름달물해파리_약독성,32.72,0
20170706,부산 대항동,보름달물해파리_약독성,32.72,0
20170706,부산 생도,보름달물해파리_약독성,32.72,1
20170706,부산 동백섬,보름달물해파리_약독성,32.72,1
20170706,부산 고리원전,유령해파리_강독성,3.7,0
20170706,부산 영도,유령해파리_강독성,3.7,0
20170629,부산 고리원전,노무라입깃해파리_강독성,0.61,0
20170629,부산 가덕도,보름달물해파리_약독성,27.88,0
20170629,부산 광안리,보름달물해파리_약독성,27.88,0
20170629,부산 생도 오륙도,보름달물해파리_약독성,27.88,1
20170629,부산 공수,보름달물해파리_약독성,27.88,1
20170622,부산 가덕도,보름달물해파리_약독성,31.25,0
20170622,부산 미포,보름달물해파리_약독성,31.25,1
20170622,부산 청사포,보름달물해파리_약독성,31.25,1
20170622,부산 해운대,보름달물해파리_약독성,31.25,1
20170622,부산 해운대 남항대교,보름달물해파리_약독성,31.25,1
20170622,부산 해운대 가덕도,보름달물해파리_약독성,31.25,1
20170622,부산 오륙도,보름달물해파리_약독성,31.25,1
20170622,부산 울산 강동동,보름달물해파리_약독성,31.25,1
20170622,부산 나사리,보름달물해파리_약독성,31.25,1
20170622,부산 고리원자력 발전소,유령해파리_강독성,0.57,0
20170622,부산 고리원자력 생도,유령해파리_강독성,0.57,0
20170622,부산 영도,유령해파리_강독성,0.57,0
20170615,부산 생도,보름달물해파리_약독성,27.22,1
20170615,부산 가덕도,보름달물해파리_약독성,27.22,1
20170615,부산 오륙도,보름달물해파리_약독성,27.22,1
20170608,부산 오륙도,노무라입깃해파리_강독성,0.59,0
20170608,부산 해운대,보름달물해파리_약독성,24.0,1
20170608,부산 동백리,보름달물해파리_약독성,24.0,1
20170608,부산 동백리 생도,보름달물해파리_약독성,24.0,1
20170608,부산 동백리 영도,보름달물해파리_약독성,24.0,1
20170608,부산 동백리 광안리,보름달물해파리_약독성,24.0,1
20170608,부산 동백리 가덕도,보름달물해파리_약독성,24.0,1
20170608,부산 동백리 오륙도,보름달물해파리_약독성,24.0,1
20170608,부산 다대포송도,보름달물해파리_약독성,24.0,1
20170608,부산 영도,유령해파리_강독성,0.57,0
20170601,부산 오륙도,야광원양해파리_강독성,1.35,0
20170601,부산 광안리,보름달물해파리_약독성,13.51,1
20170601,부산 동백리,보름달물해파리_약독성,13.51,1
20170601,부산 영도,보름달물해파리_약독성,13.51,1
20170601,부산 기장군 학리,오이빗해파리_약독성,0.59,0
20170525,부산 고리원전,보름달물해파리_약독성,11.54,1
20170525,부산 생도,보름달물해파리_약독성,11.54,1
20170525,부산 광안리,보름달물해파리_약독성,11.54,1
20170518,부산 생도,보름달물해파리_약독성,11.54,2
20170511,부산 고리원전,보름달물해파리_약독성,11.54,1
20170511,부산 가덕도,보름달물해파리_약독성,11.54,1
